TemplateId,Name,NameTextId,AchievementType,MissionGoal,MissionCount,RewardType,RewardCount,OriginalAchievementId,PreviewAchievementId,NextAchievementId
1000001,몬스터킬10,AchievementMonsterKill10,Normal,MonsterKill,10,Gold,200,1000001,,1000002
1000002,몬스터킬20,AchievementMonsterKill20,Normal,MonsterKill,20,Gold,200,1000001,1000001,1000003
1000003,몬스터킬30,AchievementMonsterKill30,Normal,MonsterKill,30,Gold,200,1000001,1000002,1000004
1000004,몬스터킬40,AchievementMonsterKill40,Normal,MonsterKill,40,Gold,200,1000001,1000003,1000005
1000005,몬스터킬50,AchievementMonsterKill50,Normal,MonsterKill,50,Gold,200,1000001,1000004,1000006
1000006,몬스터킬60,AchievementMonsterKill60,Normal,MonsterKill,60,Gold,200,1000001,1000005,1000007
1000007,몬스터킬70,AchievementMonsterKill70,Normal,MonsterKill,70,Gold,200,1000001,1000006,1000008
1000008,몬스터킬80,AchievementMonsterKill80,Normal,MonsterKill,80,Gold,200,1000001,1000007,1000009
1000009,몬스터킬90,AchievementMonsterKill90,Normal,MonsterKill,90,Gold,200,1000001,1000008,1000010
1000010,몬스터킬100,AchievementMonsterKill100,Normal,MonsterKill,100,Gold,200,1000001,1000009,1000011
1000011,몬스터킬110,AchievementMonsterKill110,Normal,MonsterKill,110,Gold,200,1000001,1000010,1000012
1000012,몬스터킬120,AchievementMonsterKill120,Normal,MonsterKill,120,Gold,200,1000001,1000011,1000013
1000013,몬스터킬130,AchievementMonsterKill130,Normal,MonsterKill,130,Gold,200,1000001,1000012,1000014
1000014,몬스터킬140,AchievementMonsterKill140,Normal,MonsterKill,140,Gold,200,1000001,1000013,1000015
1000015,몬스터킬150,AchievementMonsterKill150,Normal,MonsterKill,150,Gold,200,1000001,1000014,1000016
1000016,몬스터킬160,AchievementMonsterKill160,Normal,MonsterKill,160,Gold,200,1000001,1000015,1000017
1000017,몬스터킬170,AchievementMonsterKill170,Normal,MonsterKill,170,Gold,200,1000001,1000016,1000018
1000018,몬스터킬180,AchievementMonsterKill180,Normal,MonsterKill,180,Gold,200,1000001,1000017,1000019
1000019,몬스터킬190,AchievementMonsterKill190,Normal,MonsterKill,190,Gold,200,1000001,1000018,1000020
1000020,몬스터킬200,AchievementMonsterKill200,Normal,MonsterKill,200,Gold,200,1000001,1000019,
2000001,골드사용1천,AchievementConsumGold1k,Normal,ConsumGold,1000,Exp,100,2000001,,2000002
2000002,골드사용2천,AchievementConsumGold2k,Normal,ConsumGold,1000,Exp,100,2000001,2000001,2000003
2000003,골드사용3천,AchievementConsumGold3k,Normal,ConsumGold,1000,Exp,100,2000001,2000002,2000004
2000004,골드사용4천,AchievementConsumGold4k,Normal,ConsumGold,1000,Exp,100,2000001,2000003,2000005
2000005,골드사용5천,AchievementConsumGold5k,Normal,ConsumGold,1000,Exp,100,2000001,2000004,2000006
2000006,골드사용6천,AchievementConsumGold6k,Normal,ConsumGold,1000,Exp,100,2000001,2000005,2000007
2000007,골드사용7천,AchievementConsumGold7k,Normal,ConsumGold,1000,Exp,100,2000001,2000006,2000008
2000008,골드사용8천,AchievementConsumGold8k,Normal,ConsumGold,1000,Exp,100,2000001,2000007,2000009
2000009,골드사용9천,AchievementConsumGold9k,Normal,ConsumGold,1000,Exp,100,2000001,2000008,2000010
2000010,골드사용10천,AchievementConsumGold10k,Normal,ConsumGold,1000,Exp,100,2000001,2000009,2000011
2000011,골드사용11천,AchievementConsumGold11k,Normal,ConsumGold,1000,Exp,100,2000001,2000010,2000012
2000012,골드사용12천,AchievementConsumGold12k,Normal,ConsumGold,1000,Exp,100,2000001,2000011,2000013
2000013,골드사용13천,AchievementConsumGold13k,Normal,ConsumGold,1000,Exp,100,2000001,2000012,2000014
2000014,골드사용14천,AchievementConsumGold14k,Normal,ConsumGold,1000,Exp,100,2000001,2000013,2000015
2000015,골드사용15천,AchievementConsumGold15k,Normal,ConsumGold,1000,Exp,100,2000001,2000014,2000016
2000016,골드사용16천,AchievementConsumGold16k,Normal,ConsumGold,1000,Exp,100,2000001,2000015,2000017
2000017,골드사용17천,AchievementConsumGold17k,Normal,ConsumGold,1000,Exp,100,2000001,2000016,2000018
2000018,골드사용18천,AchievementConsumGold18k,Normal,ConsumGold,1000,Exp,100,2000001,2000017,2000019
2000019,골드사용19천,AchievementConsumGold19k,Normal,ConsumGold,1000,Exp,100,2000001,2000018,2000020
2000020,골드사용20천,AchievementConsumGold20k,Normal,ConsumGold,1000,Exp,100,2000001,2000019,
3000001,스테이지5번클리어,AchievementStageClearTimes5,Normal,StageClear,5,StoneArmor,10,3000001,,3000002
3000002,스테이지10번클리어,AchievementStageClearTimes10,Normal,StageClear,10,StoneBelt,10,3000001,3000001,3000003
3000003,스테이지15번클리어,AchievementStageClearTimes15,Normal,StageClear,15,StoneBoots,10,3000001,3000002,3000004
3000004,스테이지20번클리어,AchievementStageClearTimes20,Normal,StageClear,20,StoneGloves,10,3000001,3000003,3000005
3000005,스테이지25번클리어,AchievementStageClearTimes25,Normal,StageClear,25,StoneRing,10,3000001,3000004,3000006
3000006,스테이지30번클리어,AchievementStageClearTimes30,Normal,StageClear,30,StoneWeapon,10,3000001,3000005,3000007
3000007,스테이지35번클리어,AchievementStageClearTimes35,Normal,StageClear,35,StoneArmor,10,3000001,3000006,3000008
3000008,스테이지40번클리어,AchievementStageClearTimes40,Normal,StageClear,40,StoneBelt,10,3000001,3000007,3000009
3000009,스테이지45번클리어,AchievementStageClearTimes45,Normal,StageClear,45,StoneBoots,10,3000001,3000008,3000010
3000010,스테이지50번클리어,AchievementStageClearTimes50,Normal,StageClear,50,StoneGloves,10,3000001,3000009,3000011
3000011,스테이지55번클리어,AchievementStageClearTimes55,Normal,StageClear,55,StoneRing,10,3000001,3000010,3000012
3000012,스테이지60번클리어,AchievementStageClearTimes60,Normal,StageClear,60,StoneWeapon,10,3000001,3000011,3000013
3000013,스테이지65번클리어,AchievementStageClearTimes65,Normal,StageClear,65,StoneArmor,10,3000001,3000012,3000014
3000014,스테이지70번클리어,AchievementStageClearTimes70,Normal,StageClear,70,StoneBelt,10,3000001,3000013,3000015
3000015,스테이지75번클리어,AchievementStageClearTimes75,Normal,StageClear,75,StoneBoots,10,3000001,3000014,3000016
3000016,스테이지80번클리어,AchievementStageClearTimes80,Normal,StageClear,80,StoneGloves,10,3000001,3000015,3000017
3000017,스테이지85번클리어,AchievementStageClearTimes85,Normal,StageClear,85,StoneRing,10,3000001,3000016,3000018
3000018,스테이지90번클리어,AchievementStageClearTimes90,Normal,StageClear,90,StoneWeapon,10,3000001,3000017,3000019
3000019,스테이지95번클리어,AchievementStageClearTimes95,Normal,StageClear,95,StoneArmor,10,3000001,3000018,3000020
3000020,스테이지100번클리어,AchievementStageClearTimes100,Normal,StageClear,100,StoneBelt,10,3000001,3000019,3000021
3000021,스테이지105번클리어,AchievementStageClearTimes105,Normal,StageClear,105,StoneBoots,10,3000001,3000020,3000022
3000022,스테이지110번클리어,AchievementStageClearTimes110,Normal,StageClear,110,StoneGloves,10,3000001,3000021,3000023
3000023,스테이지115번클리어,AchievementStageClearTimes115,Normal,StageClear,115,StoneRing,10,3000001,3000022,3000024
3000024,스테이지120번클리어,AchievementStageClearTimes120,Normal,StageClear,120,StoneWeapon,10,3000001,3000023,
4000001,스테이지노멀1-1클리어,AchievementStageClearAtNormal1_1,Normal,StageClearAt,1,Dia,1000,4000001,,4000002
4000002,스테이지노멀1-2클리어,AchievementStageClearAtNormal1_2,Normal,StageClearAt,2,Dia,1000,4000001,4000001,4000003
4000003,스테이지노멀1-3클리어,AchievementStageClearAtNormal1_3,Normal,StageClearAt,3,Dia,1000,4000001,4000002,4000004
4000004,스테이지하드1-1클리어,AchievementStageClearAtHard1_1,Normal,StageClearAt,11,Dia,1500,4000001,4000003,4000005
4000005,스테이지하드1-2클리어,AchievementStageClearAtHard1_2,Normal,StageClearAt,12,Dia,1500,4000001,4000004,4000006
4000006,스테이지하드1-3클리어,AchievementStageClearAtHard1_3,Normal,StageClearAt,13,Dia,1500,4000001,4000005,
5000001,자원가챠10회,AchievementCurrencyGacha10,Normal,CurrencyGacha,10,ScrollArmor,10,5000001,,5000002
5000002,자원가챠20회,AchievementCurrencyGacha20,Normal,CurrencyGacha,20,ScrollBelt,10,5000001,5000001,5000003
5000003,자원가챠30회,AchievementCurrencyGacha30,Normal,CurrencyGacha,30,ScrollBoots,10,5000001,5000002,5000004
5000004,자원가챠40회,AchievementCurrencyGacha40,Normal,CurrencyGacha,40,ScrollGloves,10,5000001,5000003,5000005
5000005,자원가챠50회,AchievementCurrencyGacha50,Normal,CurrencyGacha,50,ScrollRing,10,5000001,5000004,5000006
5000006,자원가챠60회,AchievementCurrencyGacha60,Normal,CurrencyGacha,60,ScrollWeapon,10,5000001,5000005,5000007
5000007,자원가챠70회,AchievementCurrencyGacha70,Normal,CurrencyGacha,70,ScrollArmor,10,5000001,5000006,5000008
5000008,자원가챠80회,AchievementCurrencyGacha80,Normal,CurrencyGacha,80,ScrollBelt,10,5000001,5000007,5000009
5000009,자원가챠90회,AchievementCurrencyGacha90,Normal,CurrencyGacha,90,ScrollBoots,10,5000001,5000008,5000010
5000010,자원가챠100회,AchievementCurrencyGacha100,Normal,CurrencyGacha,100,ScrollGloves,10,5000001,5000009,5000011
5000011,자원가챠110회,AchievementCurrencyGacha110,Normal,CurrencyGacha,110,ScrollRing,10,5000001,5000010,5000012
5000012,자원가챠120회,AchievementCurrencyGacha120,Normal,CurrencyGacha,120,ScrollWeapon,10,5000001,5000011,5000013
5000013,자원가챠130회,AchievementCurrencyGacha130,Normal,CurrencyGacha,130,ScrollArmor,10,5000001,5000012,5000014
5000014,자원가챠140회,AchievementCurrencyGacha140,Normal,CurrencyGacha,140,ScrollBelt,10,5000001,5000013,5000015
5000015,자원가챠150회,AchievementCurrencyGacha150,Normal,CurrencyGacha,150,ScrollBoots,10,5000001,5000014,5000016
5000016,자원가챠160회,AchievementCurrencyGacha160,Normal,CurrencyGacha,160,ScrollGloves,10,5000001,5000015,5000017
5000017,자원가챠170회,AchievementCurrencyGacha170,Normal,CurrencyGacha,170,ScrollRing,10,5000001,5000016,5000018
5000018,자원가챠180회,AchievementCurrencyGacha180,Normal,CurrencyGacha,180,ScrollWeapon,10,5000001,5000017,5000019
5000019,자원가챠190회,AchievementCurrencyGacha190,Normal,CurrencyGacha,190,ScrollArmor,10,5000001,5000018,5000020
5000020,자원가챠200회,AchievementCurrencyGacha200,Normal,CurrencyGacha,200,ScrollBelt,10,5000001,5000019,5000021
5000021,자원가챠210회,AchievementCurrencyGacha210,Normal,CurrencyGacha,210,ScrollBoots,10,5000001,5000020,5000022
5000022,자원가챠220회,AchievementCurrencyGacha220,Normal,CurrencyGacha,220,ScrollGloves,10,5000001,5000021,5000023
5000023,자원가챠230회,AchievementCurrencyGacha230,Normal,CurrencyGacha,230,ScrollRing,10,5000001,5000022,5000024
5000024,자원가챠240회,AchievementCurrencyGacha240,Normal,CurrencyGacha,240,ScrollWeapon,10,5000001,5000023,
6000001,영웅가챠10회,AchievementHeroGacha10,Normal,HeroGacha,10,BlueGem,10,6000001,,6000002
6000002,영웅가챠20회,AchievementHeroGacha20,Normal,HeroGacha,20,GreenGem,10,6000001,6000001,6000003
6000003,영웅가챠30회,AchievementHeroGacha30,Normal,HeroGacha,30,YellowGem,10,6000001,6000002,6000004
6000004,영웅가챠40회,AchievementHeroGacha40,Normal,HeroGacha,40,BlueGem,10,6000001,6000003,6000005
6000005,영웅가챠50회,AchievementHeroGacha50,Normal,HeroGacha,50,GreenGem,10,6000001,6000004,6000006
6000006,영웅가챠60회,AchievementHeroGacha60,Normal,HeroGacha,60,YellowGem,10,6000001,6000005,6000007
6000007,영웅가챠70회,AchievementHeroGacha70,Normal,HeroGacha,70,BlueGem,10,6000001,6000006,6000008
6000008,영웅가챠80회,AchievementHeroGacha80,Normal,HeroGacha,80,GreenGem,10,6000001,6000007,6000009
6000009,영웅가챠90회,AchievementHeroGacha90,Normal,HeroGacha,90,YellowGem,10,6000001,6000008,6000010
6000010,영웅가챠100회,AchievementHeroGacha100,Normal,HeroGacha,100,BlueGem,10,6000001,6000009,6000011
6000011,영웅가챠110회,AchievementHeroGacha110,Normal,HeroGacha,110,GreenGem,10,6000001,6000010,6000012
6000012,영웅가챠120회,AchievementHeroGacha120,Normal,HeroGacha,120,YellowGem,10,6000001,6000011,6000013
6000013,영웅가챠130회,AchievementHeroGacha130,Normal,HeroGacha,130,BlueGem,10,6000001,6000012,6000014
6000014,영웅가챠140회,AchievementHeroGacha140,Normal,HeroGacha,140,GreenGem,10,6000001,6000013,6000015
6000015,영웅가챠150회,AchievementHeroGacha150,Normal,HeroGacha,150,YellowGem,10,6000001,6000014,6000016
6000016,영웅가챠160회,AchievementHeroGacha160,Normal,HeroGacha,160,BlueGem,10,6000001,6000015,6000017
6000017,영웅가챠170회,AchievementHeroGacha170,Normal,HeroGacha,170,GreenGem,10,6000001,6000016,6000018
6000018,영웅가챠180회,AchievementHeroGacha180,Normal,HeroGacha,180,YellowGem,10,6000001,6000017,6000019
6000019,영웅가챠190회,AchievementHeroGacha190,Normal,HeroGacha,190,BlueGem,10,6000001,6000018,6000020
6000020,영웅가챠200회,AchievementHeroGacha200,Normal,HeroGacha,200,GreenGem,10,6000001,6000019,6000021
6000021,영웅가챠210회,AchievementHeroGacha210,Normal,HeroGacha,210,YellowGem,10,6000001,6000020,
7000001,동료가챠10회,AchievementBuddyGacha10,Normal,BuddyGacha,10,Dia,200,7000001,,7000002
7000002,동료가챠20회,AchievementBuddyGacha20,Normal,BuddyGacha,20,Dia,200,7000001,7000001,7000003
7000003,동료가챠30회,AchievementBuddyGacha30,Normal,BuddyGacha,30,Dia,200,7000001,7000002,7000004
7000004,동료가챠40회,AchievementBuddyGacha40,Normal,BuddyGacha,40,Dia,200,7000001,7000003,7000005
7000005,동료가챠50회,AchievementBuddyGacha50,Normal,BuddyGacha,50,Dia,200,7000001,7000004,7000006
7000006,동료가챠60회,AchievementBuddyGacha60,Normal,BuddyGacha,60,Dia,200,7000001,7000005,7000007
7000007,동료가챠70회,AchievementBuddyGacha70,Normal,BuddyGacha,70,Dia,200,7000001,7000006,7000008
7000008,동료가챠80회,AchievementBuddyGacha80,Normal,BuddyGacha,80,Dia,200,7000001,7000007,7000009
7000009,동료가챠90회,AchievementBuddyGacha90,Normal,BuddyGacha,90,Dia,200,7000001,7000008,7000010
7000010,동료가챠100회,AchievementBuddyGacha100,Normal,BuddyGacha,100,Dia,200,7000001,7000009,7000011
7000011,동료가챠110회,AchievementBuddyGacha110,Normal,BuddyGacha,110,Dia,200,7000001,7000010,7000012
7000012,동료가챠120회,AchievementBuddyGacha120,Normal,BuddyGacha,120,Dia,200,7000001,7000011,7000013
7000013,동료가챠130회,AchievementBuddyGacha130,Normal,BuddyGacha,130,Dia,200,7000001,7000012,7000014
7000014,동료가챠140회,AchievementBuddyGacha140,Normal,BuddyGacha,140,Dia,200,7000001,7000013,7000015
7000015,동료가챠150회,AchievementBuddyGacha150,Normal,BuddyGacha,150,Dia,200,7000001,7000014,7000016
7000016,동료가챠160회,AchievementBuddyGacha160,Normal,BuddyGacha,160,Dia,200,7000001,7000015,7000017
7000017,동료가챠170회,AchievementBuddyGacha170,Normal,BuddyGacha,170,Dia,200,7000001,7000016,7000018
7000018,동료가챠180회,AchievementBuddyGacha180,Normal,BuddyGacha,180,Dia,200,7000001,7000017,7000019
7000019,동료가챠190회,AchievementBuddyGacha190,Normal,BuddyGacha,190,Dia,200,7000001,7000018,7000020
7000020,동료가챠200회,AchievementBuddyGacha200,Normal,BuddyGacha,200,Dia,200,7000001,7000019,
8000001,영웅스킬업10회,AchievementHeroSkillUp10,Normal,HeroSkillUp,10,BlueGem,10,8000001,,8000002
8000002,영웅스킬업20회,AchievementHeroSkillUp20,Normal,HeroSkillUp,20,GreenGem,10,8000001,8000001,8000003
8000003,영웅스킬업30회,AchievementHeroSkillUp30,Normal,HeroSkillUp,30,YellowGem,10,8000001,8000002,8000004
8000004,영웅스킬업40회,AchievementHeroSkillUp40,Normal,HeroSkillUp,40,BlueGem,10,8000001,8000003,8000005
8000005,영웅스킬업50회,AchievementHeroSkillUp50,Normal,HeroSkillUp,50,GreenGem,10,8000001,8000004,8000006
8000006,영웅스킬업60회,AchievementHeroSkillUp60,Normal,HeroSkillUp,60,YellowGem,10,8000001,8000005,8000007
8000007,영웅스킬업70회,AchievementHeroSkillUp70,Normal,HeroSkillUp,70,BlueGem,10,8000001,8000006,8000008
8000008,영웅스킬업80회,AchievementHeroSkillUp80,Normal,HeroSkillUp,80,GreenGem,10,8000001,8000007,8000009
8000009,영웅스킬업90회,AchievementHeroSkillUp90,Normal,HeroSkillUp,90,YellowGem,10,8000001,8000008,8000010
8000010,영웅스킬업100회,AchievementHeroSkillUp100,Normal,HeroSkillUp,100,BlueGem,10,8000001,8000009,8000011
8000011,영웅스킬업110회,AchievementHeroSkillUp110,Normal,HeroSkillUp,110,GreenGem,10,8000001,8000010,8000012
8000012,영웅스킬업120회,AchievementHeroSkillUp120,Normal,HeroSkillUp,120,YellowGem,10,8000001,8000011,8000013
8000013,영웅스킬업130회,AchievementHeroSkillUp130,Normal,HeroSkillUp,130,BlueGem,10,8000001,8000012,8000014
8000014,영웅스킬업140회,AchievementHeroSkillUp140,Normal,HeroSkillUp,140,GreenGem,10,8000001,8000013,8000015
8000015,영웅스킬업150회,AchievementHeroSkillUp150,Normal,HeroSkillUp,150,YellowGem,10,8000001,8000014,8000016
8000016,영웅스킬업160회,AchievementHeroSkillUp160,Normal,HeroSkillUp,160,BlueGem,10,8000001,8000015,8000017
8000017,영웅스킬업170회,AchievementHeroSkillUp170,Normal,HeroSkillUp,170,GreenGem,10,8000001,8000016,8000018
8000018,영웅스킬업180회,AchievementHeroSkillUp180,Normal,HeroSkillUp,180,YellowGem,10,8000001,8000017,8000019
8000019,영웅스킬업190회,AchievementHeroSkillUp190,Normal,HeroSkillUp,190,BlueGem,10,8000001,8000018,8000020
8000020,영웅스킬업200회,AchievementHeroSkillUp200,Normal,HeroSkillUp,200,GreenGem,10,8000001,8000019,8000021
8000021,영웅스킬업210회,AchievementHeroSkillUp210,Normal,HeroSkillUp,210,YellowGem,10,8000001,8000020,
9000001,영웅레벨업10회,AchievementHeroLevelUp10,Normal,HeroLevelUp,10,Dia,50,9000001,,9000002
9000002,영웅레벨업20회,AchievementHeroLevelUp20,Normal,HeroLevelUp,20,Dia,50,9000001,9000001,9000003
9000003,영웅레벨업30회,AchievementHeroLevelUp30,Normal,HeroLevelUp,30,Dia,50,9000001,9000002,9000004
9000004,영웅레벨업40회,AchievementHeroLevelUp40,Normal,HeroLevelUp,40,Dia,50,9000001,9000003,9000005
9000005,영웅레벨업50회,AchievementHeroLevelUp50,Normal,HeroLevelUp,50,Dia,50,9000001,9000004,9000006
9000006,영웅레벨업60회,AchievementHeroLevelUp60,Normal,HeroLevelUp,60,Dia,50,9000001,9000005,9000007
9000007,영웅레벨업70회,AchievementHeroLevelUp70,Normal,HeroLevelUp,70,Dia,50,9000001,9000006,9000008
9000008,영웅레벨업80회,AchievementHeroLevelUp80,Normal,HeroLevelUp,80,Dia,50,9000001,9000007,9000009
9000009,영웅레벨업90회,AchievementHeroLevelUp90,Normal,HeroLevelUp,90,Dia,50,9000001,9000008,9000010
9000010,영웅레벨업100회,AchievementHeroLevelUp100,Normal,HeroLevelUp,100,Dia,50,9000001,9000009,9000011
9000011,영웅레벨업110회,AchievementHeroLevelUp110,Normal,HeroLevelUp,110,Dia,50,9000001,9000010,9000012
9000012,영웅레벨업120회,AchievementHeroLevelUp120,Normal,HeroLevelUp,120,Dia,50,9000001,9000011,9000013
9000013,영웅레벨업130회,AchievementHeroLevelUp130,Normal,HeroLevelUp,130,Dia,50,9000001,9000012,9000014
9000014,영웅레벨업140회,AchievementHeroLevelUp140,Normal,HeroLevelUp,140,Dia,50,9000001,9000013,9000015
9000015,영웅레벨업150회,AchievementHeroLevelUp150,Normal,HeroLevelUp,150,Dia,50,9000001,9000014,9000016
9000016,영웅레벨업160회,AchievementHeroLevelUp160,Normal,HeroLevelUp,160,Dia,50,9000001,9000015,9000017
9000017,영웅레벨업170회,AchievementHeroLevelUp170,Normal,HeroLevelUp,170,Dia,50,9000001,9000016,9000018
9000018,영웅레벨업180회,AchievementHeroLevelUp180,Normal,HeroLevelUp,180,Dia,50,9000001,9000017,9000019
9000019,영웅레벨업190회,AchievementHeroLevelUp190,Normal,HeroLevelUp,190,Dia,50,9000001,9000018,9000020
9000020,영웅레벨업200회,AchievementHeroLevelUp200,Normal,HeroLevelUp,200,Dia,50,9000001,9000019,
10000001,동료레벨업1회,AchievementBuddyLevelUp1,Normal,BuddyLevelUp,1,Dia,50,10000001,,10000002
10000002,동료레벨업2회,AchievementBuddyLevelUp2,Normal,BuddyLevelUp,2,Dia,50,10000001,10000001,10000003
10000003,동료레벨업3회,AchievementBuddyLevelUp3,Normal,BuddyLevelUp,3,Dia,50,10000001,10000002,10000004
10000004,동료레벨업4회,AchievementBuddyLevelUp4,Normal,BuddyLevelUp,4,Dia,50,10000001,10000003,10000005
10000005,동료레벨업5회,AchievementBuddyLevelUp5,Normal,BuddyLevelUp,5,Dia,50,10000001,10000004,10000006
10000006,동료레벨업6회,AchievementBuddyLevelUp6,Normal,BuddyLevelUp,6,Dia,50,10000001,10000005,10000007
10000007,동료레벨업7회,AchievementBuddyLevelUp7,Normal,BuddyLevelUp,7,Dia,50,10000001,10000006,10000008
10000008,동료레벨업8회,AchievementBuddyLevelUp8,Normal,BuddyLevelUp,8,Dia,50,10000001,10000007,10000009
10000009,동료레벨업9회,AchievementBuddyLevelUp9,Normal,BuddyLevelUp,9,Dia,50,10000001,10000008,10000010
10000010,동료레벨업10회,AchievementBuddyLevelUp10,Normal,BuddyLevelUp,10,Dia,50,10000001,10000009,
11000001,동료스킬업1회,AchievementBuddySkillUp1,Normal,BuddySkillUp,1,Gold,1000,11000001,,11000002
11000002,동료스킬업2회,AchievementBuddySkillUp2,Normal,BuddySkillUp,2,Gold,1000,11000001,11000001,11000003
11000003,동료스킬업3회,AchievementBuddySkillUp3,Normal,BuddySkillUp,3,Gold,1000,11000001,11000002,11000004
11000004,동료스킬업4회,AchievementBuddySkillUp4,Normal,BuddySkillUp,4,Gold,1000,11000001,11000003,11000005
11000005,동료스킬업5회,AchievementBuddySkillUp5,Normal,BuddySkillUp,5,Gold,1000,11000001,11000004,11000006
11000006,동료스킬업6회,AchievementBuddySkillUp6,Normal,BuddySkillUp,6,Gold,1000,11000001,11000005,11000007
11000007,동료스킬업7회,AchievementBuddySkillUp7,Normal,BuddySkillUp,7,Gold,1000,11000001,11000006,11000008
11000008,동료스킬업8회,AchievementBuddySkillUp8,Normal,BuddySkillUp,8,Gold,1000,11000001,11000007,11000009
11000009,동료스킬업9회,AchievementBuddySkillUp9,Normal,BuddySkillUp,9,Gold,1000,11000001,11000008,11000010
11000010,동료스킬업10회,AchievementBuddySkillUp10,Normal,BuddySkillUp,10,Gold,1000,11000001,11000009,
